channel,total_power,Delta_abs,Delta_rel,Theta_abs,Theta_rel,Alpha_abs,Alpha_rel,Beta_abs,Beta_rel,Gamma_abs,Gamma_rel
EXG_CH0,100.15344043795066,5.738261335790248,0.057294700119117185,55.93518903570443,0.5584949332854788,0.003173951567955248,3.16908890406181e-05,0.011016735895255562,0.000109998576654797,0.037462180386469625,0.0003740478631852797
EXG_CH1,400.31803673047483,0.1351992165186894,0.00033772951531963076,0.12553881057040397,0.00031359768746799295,384.7096610055583,0.961010061269297,0.16493719539748203,0.0004120153984181596,0.6408553456141348,0.0016008655289384535
EXG_CH2,904.9644388159737,0.9560769368756461,0.0010564801177453407,0.16580018892018064,0.00018321182778972868,0.46303225862853675,0.0005116579599905089,880.109473819083,0.9725348710614417,3.205045131764286,0.003541625498519769
EXG_CH3,1607.9792276950466,1.1273130605699524,0.000701074392724523,0.526906385925055,0.0003276823337328477,0.7840233017021863,0.00048758297880877624,1594.3588660391974,0.9915295164133598,9.632888059345287,0.005990679415152349
