channel,total_power,Delta_abs,Delta_rel,Theta_abs,Theta_rel,Alpha_abs,Alpha_rel,Beta_abs,Beta_rel,Gamma_abs,Gamma_rel
EXG_CH0,373.69770417180314,240.5363552168104,0.6436655952968515,6.712889855828512,0.017963422790369457,2.549108171434613,0.006821310762622964,4.200270376675541,0.011239754298154629,3.7123061161199087,0.00993398159709651
EXG_CH1,118.01402375833266,75.46919394505397,0.6394934393525862,6.419929771841568,0.0543997193502037,3.524749809185514,0.02986721151380656,4.725449796653729,0.04004142597773324,4.508766657359131,0.03820534639673091
EXG_CH2,5.55067365842449,0.8339365603578047,0.15024060351523355,0.21795959230631412,0.03926723236115813,0.23800168792928067,0.042877982489216517,0.8644359974939059,0.15573533064440118,2.8212118304814364,0.508264762818395
EXG_CH3,5.8716404922914265,0.8358460443138581,0.14235306902920866,0.24338876152191824,0.04145157760279274,0.2556454277578301,0.04353901232431614,0.9886733889763145,0.16838111772583705,3.068166884051532,0.5225399763625804
