channel,mean,std,min,max,peak_to_peak,rms,kurtosis,skewness
EXG_CH0,10.026120141185833,10.003849702239915,-4.818599960059226,24.818135383068373,29.636735343127597,14.163336257764197,-1.4975796997992752,-0.005664892343932927
EXG_CH1,20.008395474169408,20.01785393042688,-10.832845599017112,51.02704953511717,61.859895134134284,28.302833169678784,-1.4788488356519172,-0.00037497209331895277
EXG_CH2,29.97722045884336,30.08819695275727,-18.528232065332816,78.7411746046943,97.26940667002711,42.47273645888629,-1.459340481892335,-0.0003406790099946115
EXG_CH3,40.05767894119212,40.1743856766102,-27.80566389435431,107.56802461669513,135.37368851104944,56.73269698021282,-1.4232649064932126,0.001846712585332565
