channel,mean,std,min,max,peak_to_peak,rms,kurtosis,skewness
EXG_CH0,-73.29975825349968,60.27415225190887,-220.6410077358596,245.1130430959165,465.7540508317761,94.89904103681863,0.7138973273707614,0.5530647058902968
EXG_CH1,-489.61321781216566,12.55520824139995,-584.4771749251522,-336.2637547659688,248.21342015918339,489.7741686842703,17.20621338706293,1.5965892081118995
EXG_CH2,14.460788263232606,3.005917670506414,-0.6507425922900438,28.438199263066053,29.088941855356097,14.769899736826536,1.6776338842059304,-0.254517078301125
EXG_CH3,8.123793816682994,2.893891221589791,-7.341423613019288,24.72634855704382,32.06777217006311,8.623840929560988,1.5908861694764984,0.21592635712325645
